time,theta1,theta2,omega1,omega2,tau1,tau2,bias1,bias2
0.2004990577697754,-0.3314187685673293,-0.0540431808298345,0.45933847382061477,-0.4648112240820401,1.1570239,1.1894746,3.3147037718328107,0.9206840431319653
0.22153878211975098,-0.3021769277025867,-0.08157840959387332,2.0930182685331147,-1.3742730970612254,0.99428,0.7449448,3.0609497982993776,0.8033511090133753
0.24269700050354004,-0.25552222519235607,-0.09881948930270293,2.4344130927168317,-0.3892026623990493,0.6377104,0.32565847,2.7084515682825097,0.778117226043991
0.26344990730285645,-0.20809219543738278,-0.09999462337245965,2.2783577343337886,0.20379859208925666,0.56244767,0.22187328,2.288729161944948,0.681617232863548
0.28433847427368164,-0.16385821938570577,-0.0933732211408432,2.162482644825015,0.4097787284648825,0.5062062,0.12560603,1.8480644296086137,0.5709340429085942
0.3048546314239502,-0.12111469726996268,-0.08490019647167381,2.118921810881544,0.42202048891588073,0.34308234,0.032241262,1.4115756740275835,0.4546005997382998
0.3260316848754883,-0.07888286610804005,-0.07706547462867783,2.1077666976010594,0.3571786436951687,0.13244751,-0.06134329,0.97616508151872,0.33819108341266363
0.3470642566680908,-0.03673473941612846,-0.07075893353885593,2.1091285198761693,0.2736605622198317,-0.08418407,-0.1497423,0.5441056045396917,0.22383077027092368
0.36808204650878906,0.005480967712546782,-0.06604862563375384,2.1138745249879167,0.19956138752940195,-0.29456443,-0.23807895,0.11525388947343398,0.11153269030281446
0.3887810707092285,0.04781084857842136,-0.06267668509878564,2.120391895501838,0.14026156727479702,-0.5187343,-0.32850635,-0.3105529938507365,0.0011739497161369558
0.40985703468322754,0.07877066183907439,-0.03283497847182358,0.7871073286832455,3.2927454351805348,-0.038687937,-0.9060706,-0.6401856038028154,-0.15397113946009053
0.43051695823669434,0.08625330915345522,0.05058319114556485,0.0723366517116788,4.780098844065861,-1.2542591,-1.4394095,-1.1161639351844401,-0.3275328580384039
0.45154452323913574,0.08553926717660915,0.12395975635809073,-0.07688506287114827,2.0185325571122235,-0.59887654,-1.6273925,-1.1565501107568341,-0.4502138812045454
0.4721643924713135,0.08293957159885954,0.1443955341505465,-0.17813559924689187,0.24940370840347947,-0.0017508343,-1.3877702,-1.1702686054262081,-0.5608840805123723
0.4928443431854248,0.07879397717224611,0.14026115142088114,-0.22917129627871363,-0.5401914567817339,-0.034622483,-0.9514849,-1.1289172372418743,-0.537104398664463
0.513871431350708,0.07406451213505946,0.1262558979239587,-0.2374848800559137,-0.8024818219372157,-0.13464123,-0.71410096,-1.0531795006253553,-0.4899068081467287
0.5346698760986328,0.0695047445149931,0.1092576948123039,-0.21273962969579852,-0.9069833503549488,-0.15620753,-0.55672807,-0.9637310578448316,-0.43527000010088823
0.5557284355163574,0.06563603550025114,0.09007674019375853,-0.17235339246406234,-1.0171888638107671,-0.19798845,-0.39583096,-0.8784923659592707,-0.37976875957139766
0.5769102573394775,0.0625890995942342,0.06891964433455335,-0.13237948527208457,-1.1003842210058536,-0.23080364,-0.23446125,-0.7946779860570045,-0.32133782627143725
0.5978195667266846,0.06009125984020598,0.04695405093900808,-0.11611866140970371,-1.1015874572298396,-0.22176227,-0.0691054,-0.7124844547450804,-0.26183828059384306
0.6188931465148926,0.057510755267712065,0.026192275703108243,-0.14003670143351504,-0.9818484569662818,-0.16899306,0.08965542,-0.6319987239390011,-0.20482160893490903
0.6399531364440918,0.05414806864115904,0.008768576063659581,-0.19405796248136714,-0.7685858891766943,-0.15630084,0.24644065,-0.5533914704316417,-0.1539796365219157
0.6610190868377686,0.04936974198364075,-0.0033799911306562156,-0.2814664745798587,-0.4546918130743762,-0.12984031,0.3286778,-0.4756785516969395,-0.11258695566488587
0.6818921566009521,0.042751133355106774,-0.008997804770146861,-0.3785367248266699,-0.11407497954526447,-0.1312862,0.31406093,-0.3971296921606836,-0.0827533803768488
0.7029149532318115,0.034326315593609144,-0.008300359989875985,-0.4629729742563697,0.1795954290060921,-0.14873338,0.21415097,-0.3164766268583732,-0.06392778976563039
0.7237036228179932,0.024533660084213198,-0.0028358323116784104,-0.5164098342733652,0.36601421297076275,-0.14026731,0.07818485,-0.23376164889070594,-0.0532608802086407
0.7447893619537354,0.014074318294225301,0.00501237703986652,-0.5306373785549928,0.42105241700067936,-0.11104982,0.0123151615,-0.1501319213082898,-0.04665688028100823
0.7654159069061279,0.003496228337002574,0.013383809391085024,-0.5286618873464844,0.41951120577272744,-0.077176355,-0.027557023,-0.06660534936586346,-0.04098207036682554
0.7864177227020264,-0.006968130469335998,0.021441349038453586,-0.5193932362506571,0.39006755997566955,-0.043096505,-0.04939364,0.016522223329397154,-0.034835131170817525
0.8070471286773682,-0.017232943325228994,0.028817896024154382,-0.508692019372039,0.3513666562947028,-0.00692565,-0.05760414,0.09928673087063249,-0.02754356368885237
0.8281121253967285,-0.027306482441300548,0.03544790028671014,-0.5001767142322503,0.31513506135168323,0.02717691,-0.059630767,0.1819398773877665,-0.018917192968710254
0.8487224578857422,-0.03724848579578862,0.041429973412038135,-0.4954320808634123,0.28623743287568315,0.07285801,-0.05701094,0.26484563502551434,-0.009036267307504585
0.8694090843200684,-0.04712815853429202,0.0469019605896885,-0.49385845218416435,0.2638512032022781,0.1278055,-0.052396983,0.34835282589626415,0.0019379375759098136
0.8900096416473389,-0.056998842730990054,0.051970402077626834,-0.4067966405072418,0.03230755344287542,0.20548823,0.055149823,0.4327199704028161,0.013877835805927524
0.9111130237579346,-0.06173089150831089,0.044466082997977836,-0.10901419183039868,-0.6771066421126621,0.21994421,0.28184035,0.4950473062950096,0.0396300244659464
0.9321908950805664,-0.06246391186220582,0.028097152786551012,0.015143031824998557,-0.9102611589812899,0.14277229,0.4146074,0.5418986594726305,0.0829558898367996
0.9527590274810791,-0.061647753381122515,0.00957874359617894,0.05712111374157446,-0.9203469892611705,0.082146354,0.5248597,0.5806697500970773,0.12706350488045243
0.9733476638793945,-0.060410731412099544,-0.007972914899867078,0.06279234328026757,-0.8274381099027595,0.062648766,0.6035087,0.6126874663077542,0.16735759688421054
0.9944207668304443,-0.059223590067249594,-0.023200629487440116,0.054718161946278765,-0.6942123370015705,0.06826239,0.6722809,0.6387376198587483,0.2018585121894066
1.0153203010559082,-0.05824558943760873,-0.03559575579870456,0.04300907079743786,-0.54675273769738,0.08401958,0.7281709,0.6593029108973717,0.22982427074687323
1.0363478660583496,-0.057500028442537814,-0.045010651549130684,0.03189545095405121,-0.3969708124705135,0.09212055,0.7624302,0.674567276017281,0.2510117658662522
1.0573782920837402,-0.056956966238079526,-0.05147687401014879,0.022845244203393195,-0.25182119771140965,0.0878109,0.7800375,0.6845960620336683,0.2654623859835685
1.0784735679626465,-0.056572296016691136,-0.05511562481367296,0.01601193537300557,-0.11383863759802174,0.073854275,0.78255594,0.689425687909532,0.27338923078791744
1.0990493297576904,-0.05630412444562268,-0.05608243248152469,0.011106021912343961,0.01586156365838473,0.054381676,0.7642436,0.6890955830743478,0.27508206696342574
1.1197969913482666,-0.05611702024797574,-0.05456706148173989,0.00779363672851578,0.13491649845357429,0.043468393,0.71492326,0.6837051962938756,0.27092029493271474
1.140826940536499,-0.05598101055032623,-0.050833130268077835,0.005854676842831747,0.23832647564501475,0.052705027,0.60458624,0.6735124721809628,0.26146994040829297
1.1619763374328613,-0.055867619622170975,-0.045320090906349045,0.005317084132578096,0.31362380995902717,0.06258059,0.48797527,0.6591579783350845,0.24772399740479772
1.1828410625457764,-0.05575768388101211,-0.03856788528653159,0.005389779823418413,0.36275116020835935,0.07078875,0.3825234,0.6416791431719472,0.2309607883275619
1.2039663791656494,-0.05564602723186629,-0.03104553803887552,0.005437920861572098,0.39091650322642324,0.076513626,0.28484493,0.6221680453742422,0.2123068593952366
1.2247874736785889,-0.05553569262937183,-0.02314005198298664,0.00526518975815649,0.4011516922646238,0.08369359,0.19861245,0.6016310468931706,0.1927116278931657
1.245661973953247,-0.05543063515258653,-0.01517945691132756,0.004939993194066138,0.3964173196413023,0.096890815,0.12523022,0.5809577086260456,0.1729851694931711
1.266880989074707,-0.05533244641747518,-0.007434190360934044,0.004604169723882139,0.3795816845792798,0.11129943,0.056127228,0.5608719660527394,0.15379250454774102
1.2879042625427246,-0.05523920806348369,-0.00014057396246819863,0.0044478127034459,0.3512469050912427,0.12569112,-0.0032401904,0.5419668483976393,0.13570768885025447
1.3089215755462646,-0.055147298615824666,0.006493214117518443,0.004461061996985331,0.3135977907724519,0.1380654,-0.049647734,0.524736564673439,0.11923437662234843
1.3301036357879639,-0.05494678107994798,0.012050938543478914,0.0148118286832426,0.24487881119600524,0.1499767,-0.073531754,0.5091502742668217,0.10511064187296477
1.3511502742767334,-0.05449559490805954,0.016119917510062403,0.02958853435073725,0.16450417712936674,0.16161895,-0.07860617,0.4947862440715402,0.09403860641646908
1.3722329139709473,-0.053757767856768765,0.018632495438750736,0.04364097684005769,0.08869936923088559,0.17653054,-0.07373345,0.48143367723464264,0.08608574717551695
1.3932733535766602,-0.05276409695082426,0.019734204576366512,0.05535632755606778,0.0228233666502225,0.18602148,-0.058749042,0.4690216828008529,0.08096519483732834
1.4139420986175537,-0.05158802141501532,0.019702803867289488,0.06208456110689521,-0.02526457608580214,0.18814197,-0.04093688,0.45758305266147087,0.07817544790342962
1.4345531463623047,-0.050335818305650884,0.018907413413731866,0.06314452780502168,-0.05414179572841366,0.1858185,-0.022697471,0.4472605592368512,0.07706828726654062
1.4552948474884033,-0.04911826541760726,0.017719249149052135,0.05875152247780216,-0.06497324022560783,0.18064019,-0.004642144,0.43823622537017604,0.07700452171928854
1.4763360023498535,-0.0480405125486779,0.016483323281337427,0.0492538008460886,-0.059217018972117716,0.17369717,0.010432005,0.4306985495832155,0.07739705260884944
1.4970097541809082,-0.04719345084925419,0.015493096568574763,0.03572102664230366,-0.04054579714732149,0.16620225,0.02066134,0.42482092368129865,0.07774963031649365
1.5181937217712402,-0.0466422909834596,0.014955826094709652,0.019652565989228727,-0.01391041716106223,0.15930942,0.02440501,0.42073487298476986,0.07771464457317137
1.5392117500305176,-0.0464185988876079,0.014968955448548793,0.0029179635694035963,0.014644876975691713,0.15306419,0.02174177,0.41851096460303194,0.07713101268998991
1.5597851276397705,-0.04651909994242516,0.015516980232677094,-0.01285264612627041,0.039821259842172566,0.14794129,0.014185004,0.4181548992360766,0.07602964030886113
1.5808935165405273,-0.046913351859385555,0.016496019376570047,-0.026553866520864236,0.058021855111469525,0.14529109,0.0048995465,0.41962271026340164,0.07459160378933012
1.6014485359191895,-0.04755707606520151,0.017757795836387095,-0.03788729991163669,0.06834154768374887,0.14485177,-0.004127942,0.4228433525173703,0.07307303745445598
1.6220111846923828,-0.04840571051817929,0.019153812632384255,-0.047112617495485176,0.07163139409769988,0.14614728,-0.01097779,0.4277434398059386,0.07172930460505791
1.6425533294677734,-0.04942510560423968,0.02056884132779341,-0.055005252769791214,0.07034818270740831,0.14840889,-0.015429042,0.4342698985265464,0.07075964029043644
1.663156270980835,-0.05059683556758795,0.02193686217774618,-0.062366937412799646,0.06697069925396254,0.1510131,-0.017777301,0.44240352972768393,0.0702805496416469
1.6838693618774414,-0.05191727960788285,0.023237013277712198,-0.06988344974795951,0.06355750679962015,0.15355563,-0.018642403,0.45215988417620373,0.07033407563287195
1.7048897743225098,-0.05339445274064984,0.024482644949506853,-0.07804002896559517,0.06149410164835803,0.1558358,-0.01868312,0.46358499074399445,0.07090694563322024
1.7255585193634033,-0.055044030511271866,0.025708117619016514,-0.071354218869468,0.023114184953022428,0.16522008,-0.0052264333,0.47674856551467437,0.07195330374936218
1.7463676929473877,-0.05590403816027425,0.024616247428946227,-0.02084560970262144,-0.11681458589429947,0.18345448,0.05062078,0.48808264292453407,0.07637995701449732
1.767388105392456,-0.05606808351134356,0.021630500186254745,0.0009141670792528929,-0.1732213002764524,0.18269491,0.08963892,0.4968968367417045,0.08421474437654526
1.7882227897644043,-0.055958692737244776,0.017990715918180196,0.008433297683776807,-0.1871448681267989,0.17512691,0.126948,0.5046382240999681,0.09299500650410737
1.8092734813690186,-0.05577243768687998,0.014318550350340886,0.009572843280087721,-0.17891581637675524,0.16658524,0.16103977,0.5117727654037632,0.10160228066713956
1.829960823059082,-0.05559350504962851,0.010940552310873812,0.008123867773713786,-0.15878006266086744,0.1572234,0.18885198,0.518289100366025,0.10946976775715479
1.8505332469940186,-0.05545482878788827,0.008034215140163559,0.005745207835663561,-0.13221753343252166,0.14841545,0.20948163,0.5240537852663129,0.11626168302259332
1.8710823059082031,-0.05536484782607282,0.005688283502917333,0.0033642924187202825,-0.10297050053693997,0.141031,0.22311094,0.5289199237992692,0.12179404356713588
1.891883373260498,-0.055317672774695716,0.00392847490581344,0.001506513264086783,-0.07365718194459382,0.13533518,0.23015353,0.5327675587311417,0.1259914206394032
1.9129090309143066,-0.055300419247090594,0.0027382753562346443,0.00035839482950322387,-0.04591975303600579,0.13156024,0.2295909,0.5355132374771707,0.12886334702686741
1.9336490631103516,-0.05529897636722552,0.002072357194569737,-0.0001267166790788425,-0.021043273826806128,0.12941143,0.22364575,0.5371310881847741,0.13048703345241372
1.9545707702636719,-0.05530217391262155,0.0018696854871257562,-0.00016468259566774102,0.0006043595203028967,0.12822545,0.21402869,0.5376605992384599,0.13098650613904542
1.9754242897033691,-0.05530345910714895,0.0020662798277765702,1.79384860672444e-05,0.019047036500045397,0.12811026,0.20064348,0.5371932087819874,0.13050391115227902
1.9961731433868408,-0.055299932952201175,0.002595962802563859,0.00028232030051313317,0.03404159452302724,0.12891445,0.18527424,0.5358622979892299,0.12919441557706438
2.0168650150299072,-0.05529103578776888,0.003390395251801264,0.0005353693332935123,0.04560862269400515,0.13038808,0.16898319,0.5338294014910798,0.1272242934897845
2.037938117980957,-0.05527750900563229,0.004382331447209734,0.0007364757736725831,0.05384531622064285,0.13230288,0.15247163,0.5312665550570222,0.12475988531425337
2.0586001873016357,-0.05526052343196668,0.005506744381277099,0.0008789891096414009,0.05888690296919085,0.13475421,0.1366409,0.5283447829181366,0.12196304102683679
2.079664468765259,-0.0552412539634301,0.006702660479895109,0.0009669253291869494,0.061008778340613426,0.13757479,0.1219792,0.5252252211539089,0.11898581790511782
2.1006922721862793,-0.055220734209216416,0.007915180820545167,0.0010086806093803277,0.06054755500278919,0.14060777,0.10886463,0.5220527361935233,0.1159650824569241
2.121779203414917,-0.05519983375436332,0.009096634338733667,0.0010114996009170877,0.05789176372415339,0.14371008,0.09756253,0.5189527941505441,0.11301967779456502
2.1428182125091553,-0.055179294658055565,0.010207422736002305,0.0009805316433801237,0.053461676595646004,0.14675531,0.088229775,0.5160297438087337,0.11024840641779918
2.163546562194824,-0.05515976594307509,0.011216429547948305,0.0009196514897200578,0.04768665975956441,0.14963719,0.08092527,0.5133661673517117,0.1077290839276531
2.184633255004883,-0.05514181786933056,0.012100997493892608,0.0008325316252956927,0.040984915324912906,0.15226,0.07533934,0.5110231021038607,0.1055186123894757
2.2052175998687744,-0.055125882125940315,0.012845759663816384,0.0007280230980988365,0.033671631049989825,0.15457764,0.07173277,0.5090424099174172,0.10365561984274359
2.2262682914733887,-0.055112312238723836,0.013442338728922119,0.0006063326437912424,0.026127956178189547,0.15648162,0.06988676,0.5074479091785337,0.10216160205136021
2.2470874786376953,-0.055101403523153944,0.01388922874746471,0.00047215405768959954,0.018663057030381597,0.15786761,0.069522575,0.5062461597091215,0.10104091571209864
2.267974853515625,-0.05509332773951405,0.014190330384178293,0.00033245368697718176,0.011510936069658534,0.15887573,0.07061084,0.5054292883510888,0.10028437400568936
2.2891077995300293,-0.05508814440899877,0.014354199244272937,0.00019167066863810662,0.0049030996545795374,0.15951887,0.07291184,0.504976899958109,0.09987116874866202
2.3097052574157715,-0.05508580629032671,0.014393434077951819,5.556946191757664e-05,-0.000985880077637535,0.15982309,0.07617322,0.504857708796128,0.09977026845886276
2.3302886486053467,-0.05508614716844283,0.014323577980916553,-7.001277178921608e-05,-0.006034924156946731,0.15983093,0.08015856,0.505032054353593,0.09994314350635881
2.350851535797119,-0.05508889292120445,0.014162142502696111,-0.00018022100891284837,-0.010167658060663201,0.15958601,0.084624186,0.5054543876154513,0.10034618877596965
2.37137770652771,-0.05509368211361872,0.013927719429613248,-0.0002712340549226442,-0.01335201774113521,0.15911978,0.08930445,0.5060756486640922,0.10093294158582165
2.392078399658203,-0.05510008467851347,0.013639054549817576,-0.0003400717340848203,-0.015604308902016842,0.15848103,0.09399673,0.5068457165756948,0.10165639490213632
2.4127302169799805,-0.05510763274999063,0.013314268421746671,-0.00038573597566868897,-0.01697117188561455,0.15771753,0.09852543,0.5077156054455679,0.10247100344905917
2.4333040714263916,-0.05511585706342784,0.012970305860670764,-0.0004088620110723084,-0.017524100199057573,0.15686548,0.10270066,0.5086391849744744,0.10333410570894826
2.4543747901916504,-0.05512430824569837,0.012622376960820926,-0.0004107032976825707,-0.017365364560424406,0.1559794,0.106473394,0.5095747699991826,0.10420733493880728
2.475198268890381,-0.0551325924114168,0.012283715107587665,-0.0003950215007018158,-0.01659188051738578,0.15509963,0.109777324,0.5104860364393953,0.10505733985482153
2.496285915374756,-0.05514039538117113,0.011965569438818964,-0.00036580266274427816,-0.015305875729310232,0.15425724,0.11254949,0.511342320385865,0.10585580827169172
2.5171515941619873,-0.0551474795999375,0.011677077412435373,-0.00032660214121848217,-0.013616764669673702,0.15348217,0.11476187,0.5121188905857029,0.10657978513784064
2.537811517715454,-0.05515367809906367,0.011425196143298592,-0.00028076214095621967,-0.011633773297395804,0.15278572,0.11634732,0.5127970508945229,0.10721183533708563
2.5584876537323,-0.05515887759807438,0.011214573793214482,-0.0002303625494351406,-0.009478615207817863,0.15218604,0.11735951,0.5133643037004751,0.10774029788102704
2.5791804790496826,-0.055163019586024924,0.011047628299519748,-0.00017845281800260042,-0.0072537374084093945,0.15169245,0.1178365,0.5138141340674268,0.10815913972394636
2.6002004146575928,-0.05516610179183625,0.010924837288858047,-0.00012751214636164493,-0.0050511848138493545,0.15130934,0.11783122,0.5141453482941052,0.10846720187123873
2.6207220554351807,-0.05516816640713306,0.01084496605966936,-7.944420428084229e-05,-0.002950513591008578,0.15103656,0.11740769,0.5143613872136236,0.1086676265178721
2.6412436962127686,-0.05516928880319145,0.01080533095267514,-3.5625629520331654e-05,-0.0010173483787623131,0.15086973,0.116637774,0.5144695691502097,0.1087671841808332
2.6619341373443604,-0.05516956767673744,0.010802086703073309,3.007342966252017e-06,0.0006975581974486113,0.15080091,0.11559596,0.5144802881617815,0.1087755458981051
2.6826364994049072,-0.055169116597418535,0.010830521211153805,3.590269921702846e-05,0.0021581382290652333,0.15082005,0.114358075,0.5144062085934158,0.1087045401024935
2.703571319580078,-0.055168057203127806,0.010885346741109976,6.279554442357054e-05,0.0033428100876695794,0.15091473,0.11299672,0.5142614839208538,0.10856742341790802
2.724635601043701,-0.055166513805717916,0.010960977093642126,8.366021563218894e-05,0.004243286243557828,0.15107137,0.11158004,0.5140610247606264,0.10837818821825176
2.745699644088745,-0.05516460915384907,0.011051780434184097,9.864900262582695e-05,0.004863312873781823,0.15127581,0.110168494,0.5138198374327023,0.10815093344998405
2.7667341232299805,-0.0551624609659107,0.011152300143090297,0.00010807255243521973,0.005216741377989594,0.151514,0.10881514,0.5135524490995381,0.10789931492766537
2.787461042404175,-0.05516017924684334,0.011257440243160796,0.00011234964691436728,0.0053258891384639195,0.15177238,0.10756282,0.5132724267684344,0.10763608520577264
2.808098554611206,-0.05515786402815812,0.011362611641535186,0.00011200844074699285,0.005219275151423205,0.15203854,0.10644571,0.5129919973650525,0.10737272937112607
2.82869291305542,-0.05515560364903957,0.011463839250805272,0.00010764138752047367,0.004929941245922285,0.15230134,0.10548773,0.5127217680571103,0.10711919919581167
2.8492798805236816,-0.05515347345011156,0.011557831607885451,9.99033922321116e-05,0.004493392350937558,0.15255141,0.10470349,0.51247054340573,0.10688373902473901
2.8698415756225586,-0.05515153476703683,0.011642012933530245,8.948859917582485e-05,0.003945883375443589,0.1527808,0.104099475,0.5122452368935819,0.10667280516189759
2.890474796295166,-0.05514983454375492,0.01171452443426527,7.709560833118362e-05,0.0033230426309047226,0.15298381,0.103674255,0.5120508638894852,0.10649106206546385
2.9114110469818115,-0.05514840535809892,0.011774198270751175,6.341799631013698e-05,0.0026585197362177667,0.15315616,0.10341988,0.5118906059933576,0.10634144603690306
2.931994915008545,-0.055147265863458,0.011820508203944447,4.911649613951834e-05,0.0019829913681784425,0.15329567,0.103322975,0.511765936127481,0.10622528757461064
2.952554225921631,-0.055146421659529446,0.011853502542783556,3.480309030578359e-05,0.001323385117972487,0.1534012,0.103366084,0.5116767914545919,0.10614247780850165
2.9733028411865234,-0.05514586658867922,0.011873724588680518,2.101688612273729e-05,0.0007023967921475334,0.15347353,0.10352879,0.5116217808584613,0.10609166683123564
2.994255781173706,-0.055145584326616426,0.01188212522818266,8.216776210516426e-06,0.00013819142101066868,0.15351427,0.1037891,0.5115984148006346,0.1060704816893246
3.014806032180786,-0.055145550237692215,0.011879972517903048,-3.2353593770744846e-06,-0.0003556056257383095,0.1535263,0.10412399,0.5116033448616324,0.10607575267317838
3.035445213317871,-0.055145733295219886,0.011868761179789085,-1.306812425313869e-05,-0.0007698996032255525,0.15351295,0.10451085,0.5116326044966972,0.1061037395629867
3.0564866065979004,-0.055146098060785236,0.01185012551519584,-2.1110089481831876e-05,-0.0010998016354912946,0.15347797,0.10492841,0.5116818416086869,0.10615035009447377
3.0770726203918457,-0.0551466067264622,0.011825760021188769,-2.7288224269202388e-05,-0.0013441790443259965,0.15342575,0.10535654,0.5117465331371807,0.10621133938676348
3.097893476486206,-0.05514722084432748,0.01179734737101351,-3.160299479153168e-05,-0.0015053555802433088,0.15336055,0.10577806,0.5118221787330846,0.10628249030904866
3.1189863681793213,-0.0551479029726548,0.011766497072017715,-3.4139011426579314e-05,-0.001588358639968228,0.15328649,0.10617771,0.5119044668505703,0.10635976822816966
3.1400201320648193,-0.055148618024484175,0.011734695000448998,-3.503276813923939e-05,-0.0016005618851335894,0.15320757,0.10654355,0.5119894120707613,0.10643944737047781
3.161059856414795,-0.05514933434254339,0.01170326392357933,-3.44727259255351e-05,-0.001550956014124892,0.15312734,0.10686634,0.5120734621036516,0.10651821050205766
3.181903123855591,-0.05515002452572402,0.011673336173731095,-3.2678666532252434e-05,-0.001449650288328645,0.1530492,0.107139744,0.5121535730780618,0.1065932175697124
3.203001022338867,-0.05515066590578118,0.011645836668705719,-2.988730524378862e-05,-0.0013073356420395398,0.15297562,0.107359655,0.5122272558189346,0.10666214844036044
3.2240264415740967,-0.05515124070198261,0.011621474823575825,-2.633584792244271e-05,-0.0011349275193624465,0.15290886,0.107525565,0.5122925972449452,0.10672322294766676
3.2447028160095215,-0.05515173615695838,0.011600747403781267,-2.227208954008604e-05,-0.000942840197904337,0.15285033,0.10763804,0.5123482544572113,0.10677519453196394
3.2657251358032227,-0.05515214431714024,0.011583948640417627,-1.7917928338485306e-05,-0.0007409604818876595,0.15280136,0.107700296,0.5123934282911545,0.10681732421425157
3.286465644836426,-0.0551524616360083,0.01157118586573688,-1.3480521472850037e-05,-0.0005381418834265802,0.15276238,0.10771639,0.5124278206918597,0.10684934183109943
3.3072938919067383,-0.055152688463301014,0.011562400294548525,-9.135067028848377e-06,-0.0003421804592906651,0.15273356,0.10769213,0.5124515790570947,0.1068713934443223
3.3278744220733643,-0.055152828511707615,0.011557391290137171,-5.0351517246958455e-06,-0.0001595025805689114,0.15271461,0.1076336,0.5124652312897093,0.10688398089530095
3.3489487171173096,-0.05515288823753335,0.011555842845080284,-1.29837940634773e-06,4.757226707378736e-06,0.15270501,0.10754774,0.5124696150803065,0.10688789505566088
3.370149850845337,-0.055152876220785386,0.011557350725740769,1.9834807515114888e-06,0.00014688956681862143,0.15270373,0.10744143,0.5124658050823326,0.10688414808646814
3.390770196914673,-0.05515280259052468,0.011561449922589801,4.747869330203818e-06,0.0002645138654440959,0.15270987,0.10732124,0.5124550401313274,0.10687390460129666
3.4117980003356934,-0.05515267837610677,0.011567639721558309,6.965198846979451e-06,0.00035643740607271303,0.15272206,0.107193746,0.5124386554769036,0.10685841862856327
3.4324800968170166,-0.05515251501744955,0.011575407509416784,8.622978993338743e-06,0.0004226597449850559,0.15273911,0.10706467,0.5124180194322435,0.10683897434903356
3.4532630443573,-0.055152323902573325,0.011584250060107383,9.734805261594497e-06,0.00046412727035424485,0.15275979,0.106938936,0.5123944769247055,0.10681683252252946
3.47409987449646,-0.05515211588683973,0.011593690607469974,1.0335518088508179e-05,0.00048255098470918387,0.15278262,0.10682101,0.5123693028265344,0.10679318764110507
3.494647264480591,-0.055151901023058246,0.011603293498116592,1.0467152686593678e-05,0.00048034067789449434,0.15280661,0.106714256,0.5123436632842598,0.10676913153192769
3.5157530307769775,-0.05515168830640669,0.011612675483599339,1.018769004119942e-05,0.0004603444393076803,0.15283072,0.1066212,0.5123185857779814,0.1067456248094192
3.5367748737335205,-0.055151485444253946,0.011621512978837125,9.56279924827809e-06,0.00042569768178702197,0.15285403,0.10654346,0.5122949389164152,0.10672347873713954
3.5578110218048096,-0.05515129873326638,0.011629546129466118,8.662810014141827e-06,0.00037965612097109005,0.15287566,0.10648198,0.5122734213057061,0.1067033449355671
3.578397274017334,-0.05515113303657848,0.01163658016550882,7.556576283313208e-06,0.00032548887366325494,0.1528951,0.10643681,0.5122545579672798,0.10668571208002148
3.59907603263855,-0.05515099178014118,0.011642483952501058,6.314253180799124e-06,0.00026630860328637294,0.15291196,0.106407575,0.5122387039418984,0.10667090935072443
3.620244264602661,-0.05515087701491883,0.011647186449474252,4.999886392229776e-06,0.00020502661064647194,0.15292585,0.106393166,0.512226053472661,0.1066591154096299
3.6407675743103027,-0.05515078952871034,0.011650671406522742,3.672545052219894e-06,0.0001442250623175732,0.15293661,0.10639221,0.5122166541675943,0.10665037157866551
3.6612977981567383,-0.05515072899362029,0.01165297066206746,2.3825949301474522e-06,8.614179234028736e-05,0.15294439,0.10640279,0.5122104248219502,0.10664459870531266
3.6823322772979736,-0.0551506940827448,0.011654156199958896,1.1768968753565893e-06,3.256563982219809e-05,0.15294921,0.10642319,0.5122071761167045,0.10664161679963627
3.70287823677063,-0.0551506826937687,0.011654332332330848,8.626626033628259e-08,-1.5055310938771473e-05,0.15295136,0.10645116,0.5122066317731824,0.10664116497706996
3.7239012718200684,-0.055150692120881556,0.011653627549767766,-8.613542115258403e-07,-5.574327239628782e-05,0.15295103,0.10648463,0.5122084504651538,0.10664292153261411
3.744922399520874,-0.05515071921205207,0.011652185992938912,-1.6489968549056527e-06,-8.890872067711099e-05,0.15294865,0.10652178,0.5122122480548457,0.1066465254764129
3.7654995918273926,-0.055150760596848154,0.011650160449117078,-2.270771636663532e-06,-0.00011427696115674136,0.1529445,0.10656046,0.5122176170507812,0.10665159417874338
3.7865824699401855,-0.055150812799211434,0.011647705153817162,-2.7222683822334487e-06,-0.0001319755314102108,0.15293899,0.10659932,0.5122241454604839,0.1066577411322534
3.807443380355835,-0.055150872423266155,0.011644970011247206,-3.013382947841819e-06,-0.00014231591920833858,0.15293252,0.10663653,0.5122314325470466,0.10666459086420325
3.8280935287475586,-0.0551509362249309,0.011642095318547657,-3.149789558682564e-06,-0.00014594601519900022,0.15292543,0.10667122,0.5122391027748394,0.10667179162570789
3.8491170406341553,-0.05515100124499385,0.01163920778344055,-3.1511370981734074e-06,-0.00014358562813410734,0.15291819,0.106702246,0.5122468165085489,0.10667902593555957
3.8699193000793457,-0.055151064877719216,0.011636417865585462,-3.032837643416903e-06,-0.00013614130091132534,0.15291092,0.10672892,0.5122542775579635,0.10668601680431146
3.8907129764556885,-0.05515112489871396,0.01163381731114167,-2.815586930418189e-06,-0.0001245843387061103,0.1529041,0.10675114,0.5122612392300367,0.10669253416088169
3.911306619644165,-0.0551511795682281,0.01163147908316743,-2.5248624045280257e-06,-0.00010982937455847913,0.15289772,0.10676799,0.5122675055975281,0.10669839518240098
3.9319751262664795,-0.055151227509627504,0.011629456015281526,-2.172684780865408e-06,-9.297304996991928e-05,0.15289208,0.1067803,0.5122729338079758,0.1067034670056105
3.9531493186950684,-0.055151267818291515,0.011627781950185932,-1.789580195656872e-06,-7.483209172660831e-05,0.15288725,0.106787704,0.512277431847322,0.10670766488509242
3.9741921424865723,-0.055151300012177704,0.011626473474614341,-1.3888938786828631e-06,-5.6312749026927246e-05,0.15288335,0.10679073,0.5122809544695077,0.10671094694393002
3.9949350357055664,-0.05515132393987045,0.01162553066227565,-9.88484700422777e-07,-3.816679331310122e-05,0.1528804,0.10679007,0.512283499939729,0.10671331282047689
4.01564359664917,-0.0551513398338517,0.011624940358110231,-6.07437321744386e-07,-2.0970817465740587e-05,0.15287834,0.10678575,0.5122851027168271,0.10671479547820607
4.0363311767578125,-0.05515134814807442,0.011624677556272117,-2.5051373897677483e-07,-5.330181267211532e-06,0.15287712,0.10677888,0.5122858286411739,0.10671545722643828
4.057355880737305,-0.0551513495726273,0.011624708007390025,6.617916480682875e-08,8.427459140699208e-06,0.15287668,0.1067699,0.5122857682658584,0.10671538391501403
4.078506708145142,-0.05515134500338568,0.01162499148021319,3.370605479245818e-07,2.0033471220391703e-05,0.15287694,0.10675938,0.5122850290266532,0.10671467627567059
4.099532604217529,-0.055151335417130715,0.011625483443690455,5.594475327984594e-07,2.9326107640273563e-05,0.15287787,0.10674805,0.5122837296339753,0.10671344582987519
4.120233535766602,-0.055151321853369344,0.01162613759607191,7.301022378830458e-07,3.62884574216081e-05,0.15287927,0.10673628,0.5122819937176306,0.10671180862247819
4.141067743301392,-0.05515130534740906,0.011626907685070015,8.517074624374334e-07,4.094460700674702e-05,0.152881,0.10672472,0.5122799448138035,0.1067098804627258
4.162215232849121,-0.05515128691409103,0.011627749247485103,9.240972579375001e-07,4.344790383864411e-05,0.15288302,0.10671375,0.5122777017907412,0.10670777282348175
4.182919263839722,-0.055151267520564484,0.011628621364174974,9.513671727731069e-07,4.400160312138539e-05,0.15288523,0.10670353,0.5122753744356604,0.10670558827943753
4.203685283660889,-0.05515124800003738,0.01162948712246951,9.417319749564748e-07,4.280614510206069e-05,0.1528874,0.10669444,0.512273061417295,0.10670341923331438
4.224778175354004,-0.05515122907183756,0.011630314375417878,8.988178526220165e-07,4.0136727305423904e-05,0.15288949,0.10668684,0.5122708485219447,0.10670134623693898
4.245365858078003,-0.05515121139216563,0.011631077082590448,8.252852898143418e-07,3.6329214985813207e-05,0.15289152,0.10668067,0.5122688059794236,0.10669943469236817
4.266037464141846,-0.05515119548413888,0.01163175537846872,7.302698640575733e-07,3.166971270705179e-05,0.15289345,0.1066759,0.5122669876682672,0.10669773443524416
4.28669285774231,-0.05515118168691624,0.011632334880357984,6.225363309201949e-07,2.64222274052189e-05,0.15289503,0.10667267,0.5122654321730802,0.10669628148309307
4.30747652053833,-0.05515117023436609,0.011632806828603818,5.045780125669283e-07,2.0883687978051023e-05,0.15289637,0.10667092,0.5122641631961141,0.10669509790394589
4.328297853469849,-0.055151161277614484,0.011633168113775039,3.81465779376578e-07,1.5324563052736787e-05,0.1528975,0.10667039,0.5122631898679937,0.10669419162241495
4.34907603263855,-0.05515115482518533,0.011633420220575333,2.6140284258520536e-07,9.936953432883057e-06,0.15289831,0.10667088,0.5122625086809259,0.10669355893284373
4.370127439498901,-0.055151150756006954,0.011633568122972567,1.4929397793091267e-07,4.877798304353301e-06,0.15289891,0.10667244,0.5122621062438187,0.1066931873420836
4.390786647796631,-0.05515114890033625,0.011633620153938234,4.567961202941285e-08,3.248872870199453e-07,0.1528992,0.10667474,0.5122619604364074,0.10669305604567672
4.411335468292236,-0.05515114903973963,0.011633587342274336,-4.5819657488521126e-08,-3.627677107515655e-06,0.15289927,0.10667751,0.5122620421257933,0.10669313742129255
4.432524681091309,-0.05515115088262573,0.011633482064093752,-1.2172336653731854e-07,-6.93840566069034e-06,0.15289909,0.10668083,0.5122623181377355,0.1066934004036744
4.453155517578125,-0.05515115414483716,0.011633317944616257,-1.8513033227741825e-07,-9.526658779616472e-06,0.15289882,0.10668432,0.5122627522348044,0.10669381098455216
4.4737138748168945,-0.0551511585257073,0.011633109210344304,-2.3249489755113587e-07,-1.1409572950504591e-05,0.15289837,0.10668776,0.5122633066770114,0.10669433347885675
4.494810104370117,-0.055151163685307404,0.011632869430213211,-2.630883431487239e-07,-1.2636552597458805e-05,0.15289772,0.10669129,0.5122639448642902,0.10669493382400469
4.515582799911499,-0.055151169346245116,0.01163261176473831,-2.8261999419255987e-07,-1.3202399369961609e-05,0.15289715,0.10669456,0.5122646317587355,0.10669557918435249
4.536262273788452,-0.055151175240683865,0.011632348483336174,-2.878411284704795e-07,-1.3197462972950236e-05,0.15289646,0.10669752,0.512265334759174,0.10669623873695093
4.556881666183472,-0.05515118110716398,0.011632090240419852,-2.815892228884378e-07,-1.2695671620279808e-05,0.15289578,0.10670007,0.5122660251379048,0.1066968858069771
4.577842950820923,-0.055151186719153096,0.011631845962107425,-2.647482254627603e-07,-1.1795439858980915e-05,0.15289524,0.106702246,0.5122666788192946,0.10669749795648026
4.5988781452178955,-0.0551511918870997,0.011631622824816328,-2.397500982902411e-07,-1.0574504282104651e-05,0.15289456,0.106704004,0.5122672763441144,0.1066980571697216
4.619905471801758,-0.05515119649115066,0.011631426455086002,-2.1065888196635403e-07,-9.111423092546183e-06,0.15289408,0.10670527,0.5122678027233045,0.10669854940217179
4.640927791595459,-0.055151200433623426,0.011631260642330164,-1.764172280602166e-07,-7.509501664756972e-06,0.1528936,0.106706135,0.5122682477656312,0.10669896508282654
4.661623477935791,-0.05515120365231449,0.01163112749226502,-1.4071365734837303e-07,-5.836342528893622e-06,0.15289316,0.10670655,0.5122686056514171,0.10669929896695801
4.6826746463775635,-0.05515120612755623,0.011631027605917403,-1.0445505580871886e-07,-4.174067100671869e-06,0.15289283,0.10670663,0.5122688747372932,0.10669954951574617
4.703430652618408,-0.055151207867833986,0.011630960223208212,-6.932028438281913e-08,-2.5774609953523906e-06,0.15289271,0.1067064,0.5122690569599007,0.10669971863491484
4.7244954109191895,-0.05515120890346606,0.011630923568042642,-3.591980009890535e-08,-1.0932099841132457e-06,0.15289253,0.10670588,0.512269156977427,0.10669981074850342
4.745337724685669,-0.05515120929101445,0.011630914963337628,-5.998907732657188e-09,2.3451976583088665e-07,0.15289244,0.10670514,0.512269181887786,0.10669983257440796
4.766504526138306,-0.05515120910461047,0.011630930969843134,2.02353405843932e-08,1.3740337727925831e-06,0.15289241,0.10670427,0.5122691408592209,0.10669979271346437
4.787083864212036,-0.05515120843520836,0.011630967769479836,4.1541374309846394e-08,2.3184402483335785e-06,0.15289253,0.10670329,0.5122690441264579,0.10669970076315953
4.807691335678101,-0.055151207370545643,0.011631021317925394,5.9073077592404524e-08,3.0530157457469485e-06,0.15289259,0.106702186,0.5122689024839493,0.1066995668219206
4.828616380691528,-0.05515120599059796,0.011631087293176537,7.26548866271012e-08,3.5641921678564127e-06,0.15289271,0.10670108,0.5122687272930182,0.10669940168835602
4.849225759506226,-0.05515120438135607,0.011631161357889486,8.192196609716243e-08,3.86375484352359e-06,0.15289286,0.106700115,0.5122685300226142,0.10669921620832061
4.870248079299927,-0.05515120265108222,0.011631239725638662,8.528815004418286e-08,3.994266975271808e-06,0.15289313,0.10669916,0.5122683209952692,0.10669901994558409
4.8908867835998535,-0.05515120088275715,0.01163131902147006,8.59749033860131e-08,3.9566944396334015e-06,0.15289325,0.10669822,0.5122681093443355,0.10669882130967628
4.91170859336853,-0.05515119913165022,0.01163139595913802,8.39917080851627e-08,3.75780794780174e-06,0.15289351,0.10669751,0.5122679036353198,0.1066986285157952
4.932329416275024,-0.05515119746251742,0.011631467867224089,7.85577626904314e-08,3.4517610996713246e-06,0.15289369,0.10669691,0.5122677110412854,0.10669844828504578
4.952954292297363,-0.055151195939590385,0.011631532854698038,7.025733995518778e-08,3.0632337984100022e-06,0.15289387,0.106696434,0.5122675368350659,0.1066982853864345
4.97397780418396,-0.05515119460455452,0.011631589482244934,6.054841880645647e-08,2.61329503518815e-06,0.15289402,0.10669608,0.5122673849643191,0.10669814343320684
4.994844198226929,-0.055151193478293684,0.011631636739893068,5.012082046563602e-08,2.1236847963391223e-06,0.15289417,0.10669581,0.5122672581037024,0.10669802495361239
5.016008138656616,-0.05515119256197432,0.011631673960267458,4.0119551709334544e-08,1.6073252754397398e-06,0.15289429,0.106695734,0.5122671579072193,0.10669793157441727
5.036675453186035,-0.055151191865202676,0.01163170104205264,2.9031684553278626e-08,1.1066762463784363e-06,0.15289441,0.10669581,0.5122670846892625,0.10669786360003408
5.057228326797485,-0.05515119140297533,0.011631718562217461,1.7478236311024425e-08,6.480933135946657e-07,0.15289444,0.10669591,0.512267037201703,0.10669781962794497
5.077870845794678,-0.055151191164536116,0.011631727318744818,7.148198925565055e-09,2.2810818528329814e-07,0.1528945,0.10669608,0.5122670133972358,0.10669779765430132
5.098536968231201,-0.055151191116152916,0.011631728139619933,-1.246072552842425e-09,-1.4709592637178249e-07,0.15289456,0.106696285,0.5122670109120016,0.10669779557471246
5.119219541549683,-0.05515119121877224,0.011631721967740039,-7.771367443854765e-09,-4.724723867873499e-07,0.15289447,0.10669657,0.5122670270456893,0.10669781098953376
5.140278100967407,-0.055151191456689994,0.011631709972689017,-1.4323254858293394e-08,-7.313350641655339e-07,0.15289444,0.10669679,0.5122670587553567,0.10669784101948768
5.161064386367798,-0.05515119179573273,0.011631693218817817,-1.8023952285190588e-08,-9.486292703039199e-07,0.15289441,0.10669718,0.5122671031487342,0.10669788291319295
5.181740045547485,-0.055151192220012295,0.011631672975958168,-2.242746819244243e-08,-1.0819176528986882e-06,0.15289441,0.10669745,0.5122671568933574,0.1066979336015487
5.202779054641724,-0.055151192700230646,0.011631650511356575,-2.3910383219732238e-08,-1.1704751166621947e-06,0.15289438,0.10669776,0.5122672166678331,0.106697989816803
5.223808288574219,-0.05515119320430107,0.011631626864122687,-2.4806166422218297e-08,-1.2005350015810263e-06,0.15289429,0.10669803,0.5122672795550581,0.10669804900493937
5.244510889053345,-0.05515119371707483,0.011631603076086175,-2.487035392425e-08,-1.1845274932542246e-06,0.15289423,0.1066983,0.5122673428751369,0.10669810854849852
5.265134572982788,-0.05515119422414408,0.011631580064375022,-2.433343274435047e-08,-1.1227660156388188e-06,0.1528942,0.106698565,0.5122674042360398,0.10669816617264816
5.285901069641113,-0.055151194715786056,0.011631558745290002,-2.3421055017928573e-08,-1.0150526024993478e-06,0.15289408,0.106698684,0.5122674612965549,0.10669821960946836
5.306872367858887,-0.05515119516673613,0.011631539655735951,-2.068999006152744e-08,-8.985929764609898e-07,0.15289396,0.10669882,0.5122675125115207,0.10669826745553929
5.327925443649292,-0.05515119556273318,0.01163152306919605,-1.8067715125120728e-08,-7.64232430044195e-07,0.15289396,0.10669891,0.5122675570382822,0.10669830905177069
5.34867262840271,-0.05515119589310914,0.011631509221512846,-1.4484621442832974e-08,-6.235960289801054e-07,0.15289393,0.10669901,0.5122675942234364,0.10669834376062634
5.36977744102478,-0.055151196159470874,0.011631498337071347,-1.1719853319480778e-08,-4.6755169758610745e-07,0.15289393,0.10669909,0.5122676235023619,0.1066983710716613
5.390566110610962,-0.05515119637121373,0.01163149065312784,-9.157904403841497e-09,-3.029427286704095e-07,0.15289387,0.10669903,0.5122676444078917,0.10669839040077066
5.411648750305176,-0.05515119651609902,0.011631486012135187,-5.443521481090079e-09,-1.6187343426791088e-07,0.15289387,0.106699,0.5122676572166601,0.10669840208850034
5.432284116744995,-0.055151196589799945,0.011631484078490151,-2.1846449429612467e-09,-3.1550464846670765e-08,0.15289387,0.10669894,0.5122676626803496,0.1066984069871723
5.4529640674591064,-0.05515119660089944,0.011631484585560868,6.835489874920852e-10,8.28201488486771e-08,0.1528939,0.10669888,0.5122676615494639,0.1066984057531658
5.474064111709595,-0.05515119655969113,0.01163148723732219,2.9754540510168363e-09,1.833512258470068e-07,0.1528939,0.10669876,0.5122676546479313,0.10669839914135777
5.494780540466309,-0.05515119647058272,0.011631491618677211,5.308423716306641e-09,2.5645561236626157e-07,0.15289393,0.10669873,0.5122676430443669,0.10669838816766405
5.515375852584839,-0.055151196354566744,0.011631497453008496,5.874691002099441e-09,3.2828375493230263e-07,0.15289396,0.10669858,0.5122676275967872,0.1066983735963317
5.5363993644714355,-0.05515119621317171,0.011631504369504565,7.564341317852548e-09,3.6559770210136863e-07,0.15289393,0.10669843,0.512267609276723,0.10669835627710107
5.5571088790893555,-0.05515119604128189,0.011631511732660912,8.883374376284558e-09,3.732086122438226e-07,0.15289387,0.10669836,0.512267589550407,0.10669833780566115
5.5781941413879395,-0.05515119586457368,0.011631519170900252,8.337935994246894e-09,3.724331134170189e-07,0.15289399,0.10669828,0.5122675695746051,0.10669831916392349
5.598957777023315,-0.05515119569195718,0.011631526449848618,8.381496871264345e-09,3.575447846850473e-07,0.15289396,0.10669818,0.5122675500531347,0.10669830089894171
5.620010852813721,-0.055151195522256155,0.011631533246694317,8.10204326967477e-09,3.241125489854333e-07,0.15289396,0.10669816,0.5122675317322157,0.10669828383150289
5.6410393714904785,-0.05515119537446192,0.011631539425671394,6.4807606049797316e-09,2.9497292680535816e-07,0.15289399,0.1066981,0.5122675151275996,0.10669826835050149
5.661633253097534,-0.055151195251035456,0.011631544907246565,5.6072720113078e-09,2.5448957216421145e-07,0.15289408,0.10669807,0.5122675004906475,0.10669825461451077
5.682355165481567,-0.05515119514114907,0.011631549540683182,5.10622104172489e-09,2.1014300550003502e-07,0.15289408,0.10669803,0.5122674880637034,0.1066982429932262
5.703561782836914,-0.055151195042921444,0.011631553224114521,4.495224725569934e-09,1.5929211738808365e-07,0.15289405,0.10669806,0.5122674780738705,0.10669823373252477
5.7247583866119385,-0.05515119497334157,0.011631556029075238,2.5542756017356456e-09,1.2139659834780362e-07,0.15289408,0.106697984,0.5122674705024793,0.10669822671371484
5.745791673660278,-0.05515119491958187,0.011631557873747929,2.6201153527782937e-09,6.396244879156335e-08,0.15289402,0.10669807,0.5122674654738149,0.10669822204415264
5.766770601272583,-0.05515119489501118,0.011631558869076639,1.5673731508046953e-10,3.499658530381065e-08,0.15289408,0.10669807,0.51226746276596,0.1066982195846621
5.7876434326171875,-0.05515119489919822,0.011631559246632816,-4.777101061598916e-10,2.6794686281593796e-09,0.15289405,0.10669807,0.5122674618960895,0.10669821865823492
5.808367729187012,-0.05515119491377236,0.0116315589805127,-8.862116632706688e-10,-2.9423036763034612e-08,0.15289408,0.10669807,0.5122674626923394,0.10669821934770109
5.828958034515381,-0.055151194929777096,0.011631558060588671,-7.098816390012401e-10,-6.254091320965947e-08,0.15289411,0.1066981,0.512267465110077,0.10669822163692912
5.850031852722168,-0.05515119494561408,0.011631556555522522,-8.150935253890464e-10,-8.815375445072375e-08,0.15289408,0.1066981,0.5122674689517589,0.10669822536932923
5.8706865310668945,-0.05515119496342613,0.011631554534269395,-9.016077760265106e-10,-1.1422067235806079e-07,0.15289405,0.10669813,0.5122674740793645,0.10669823036702174
5.891339302062988,-0.05515119498849575,0.01163155206661456,-1.439061613696064e-09,-1.331127896325568e-07,0.15289405,0.10669819,0.5122674803664026,0.10669823648333311
5.9119343757629395,-0.055151195028708425,0.011631549357389673,-2.3102163415773674e-09,-1.3871116504170975e-07,0.15289402,0.10669828,0.5122674873935227,0.10669824322959182
5.93298077583313,-0.055151195094442856,0.011631546745441545,-3.807182867065195e-09,-1.2390654839710488e-07,0.15289402,0.10669831,0.512267494427179,0.10669824980546679
5.953665256500244,-0.05515119517599668,0.01163154444559031,-4.057031157391986e-09,-1.070788350765206e-07,0.15289405,0.10669825,0.5122675008707183,0.10669825563032508
5.974701881408691,-0.055151195236398026,0.011631542266530213,-2.124250347728825e-09,-1.1067946416041233e-07,0.15289399,0.10669828,0.5122675068267288,0.10669826108672446
